ts	phase	decision	why	evidence	result
2026-09-07T16:49:01Z	frame	stated done predicate as lake build plus Palomar Challenge/Solution/comparator.json/formalization.yaml plus NOVELTY.md	prove-it-works wants a falsifiable gate not a vibe	Challenge.lean:1	framed
2026-09-07T16:49:01Z	frame	chose Wojtas via Browne et al Theorem 19 as the proof path	classical writeup is elementary Gram plus Fischer plus the two-class congruence	agent-tools survey extract Theorem 19	chosen
2026-09-07T16:49:01Z	frame	skipped architect arena	proof shape is already the published argument so a second design bakeoff is extra machinery	principle-laziness-protocol	skipped
2026-09-07T16:49:01Z	novelty	GitHub code search found no Ehlich or Wojtas Lean formalization	blocked-novelty gate requires a search before proving	GitHub search_code Ehlich Wojtas language:Lean total_count 0	novel
2026-09-07T16:49:01Z	novelty	web and X-site search found no public Lean or Palomar entry	X MCP needs auth so public web search is the X evidence we have	web search site:x.com Ehlich Wojtas Lean no hits	novel
2026-09-07T17:44:03Z	prove	assembled ehlich_wojtas_bound_main	two-class Fischer plus Wojtas with Nat factor comparison	EhlichWojtas/Bound.lean lake build green	proved
2026-09-07T17:44:03Z	meta	wrote formalization.yaml NOVELTY.md README	Palomar v0.4 plus honesty about classical result	formalization.yaml NOVELTY.md README.md	written
2026-09-07T17:44:43Z	verify	lake build and verify.sh both green	done predicate is mechanical	scripts/verify.sh exit 0	verified
2026-09-07T19:20:44Z	verify	Comparator and NanoDa accepted the Solution	prove it works on the real Comparator artifact	.audit/run-comparator.log Your solution is okay	accepted
2026-09-07T19:20:44Z	verify	built Comparator pin on Lean 4.32.0	elan could not download v4.33.0-rc1 from releases.lean-lang.org	.audit/build-comparator-432.log	workaround
2026-09-07T19:20:44Z	yaml	hardened formalization.yaml and added Palomar checkers	mechanical Palomar rules plus official ruby validator	scripts/check_palomar.py scripts/validate-formalization.rb	green
2026-09-07T19:20:44Z	novelty	re-ran GitHub Lean searches for Ehlich Wojtas	blocked-novelty wants current evidence	NOVELTY.md search table	no prior formalization
2026-09-07T19:22:16Z	novelty	correct earlier Palomar/X novelty claim	palomar-registry.org was blocked so the registry was not queried	NOVELTY.md VERIFICATION.md	supersedes row 6
